釜山行2：半岛,动作／惊悚,2020-08-12
活着,动作／惊悚／灾难,2020-06-24
星际穿越,剧情／科幻／冒险,2020-08-02
抵达之谜,剧情／爱情／青春,2020-07-31
误杀,剧情／犯罪,2020-07-20
妙先生,动画／奇幻／冒险,2020-07-31
唐人街探案2,喜剧／动作／悬疑,2018-02-16
天气之子,爱情／动画／奇幻,2019-11-01
最美逆行,,2020-06-28
大话西游之大圣娶亲,喜剧／爱情／奇幻／古装,2020-07-24
